Domain Code,Domain,Area Code (M49),Area,Element Code,Element,Item Code (CPC),Item,Year Code,Year,Unit,Value,Flag,Flag Description,Note
"QCL","Crops and livestock products","356","India","5312","Area harvested","0111","Wheat","2010","2010","ha","28457400","A","Official value",""
"QCL","Crops and livestock products","356","India","5412","Yield","0111","Wheat","2010","2010","kg/ha","2839.5","A","Official value",""
"QCL","Crops and livestock products","356","India","5510","Production","0111","Wheat","2010","2010","t","80803600","A","Official value",""
"QCL","Crops and livestock products","356","India","5312","Area harvested","0111","Wheat","2011","2011","ha","29068600","A","Official value",""
"QCL","Crops and livestock products","356","India","5412","Yield","0111","Wheat","2011","2011","kg/ha","2988.6","A","Official value",""
"QCL","Crops and livestock products","356","India","5510","Production","0111","Wheat","2011","2011","t","86874000","A","Official value",""
"QCL","Crops and livestock products","356","India","5312","Area harvested","0111","Wheat","2012","2012","ha","29860000","A","Official value",""
"QCL","Crops and livestock products","356","India","5412","Yield","0111","Wheat","2012","2012","kg/ha","3177.5","A","Official value",""
"QCL","Crops and livestock products","356","India","5510","Production","0111","Wheat","2012","2012","t","94880000","A","Official value",""
"QCL","Crops and livestock products","356","India","5312","Area harvested","0111","Wheat","2013","2013","ha","29650000","A","Official value",""
"QCL","Crops and livestock products","356","India","5412","Yield","0111","Wheat","2013","2013","kg/ha","3153.8","A","Official value",""
"QCL","Crops and livestock products","356","India","5510","Production","0111","Wheat","2013","2013","t","93510000","A","Official value",""
"QCL","Crops and livestock products","356","India","5312","Area harvested","0111","Wheat","2014","2014","ha","30470000","A","Official value",""
"QCL","Crops and livestock products","356","India","5412","Yield","0111","Wheat","2014","2014","kg/ha","3145.7","A","Official value",""
"QCL","Crops and livestock products","356","India","5510","Production","0111","Wheat","2014","2014","t","95850000","A","Official value",""
"QCL","Crops and livestock products","356","India","5312","Area harvested","0111","Wheat","2015","2015","ha","31470000","A","Official value",""
"QCL","Crops and livestock products","356","India","5412","Yield","0111","Wheat","2015","2015","kg/ha","2749.6","A","Official value",""
"QCL","Crops and livestock products","356","India","5510","Production","0111","Wheat","2015","2015","t","86530000","A","Official value",""
"QCL","Crops and livestock products","356","India","5312","Area harvested","0111","Wheat","2016","2016","ha","30420000","A","Official value",""
"QCL","Crops and livestock products","356","India","5412","Yield","0111","Wheat","2016","2016","kg/ha","3033.9","A","Official value",""
"QCL","Crops and livestock products","356","India","5510","Production","0111","Wheat","2016","2016","t","92290000","A","Official value",""
"QCL","Crops and livestock products","356","India","5312","Area harvested","0111","Wheat","2017","2017","ha","30785230","A","Official value",""
"QCL","Crops and livestock products","356","India","5412","Yield","0111","Wheat","2017","2017","kg/ha","3199.9","A","Official value",""
"QCL","Crops and livestock products","356","India","5510","Production","0111","Wheat","2017","2017","t","98510220","A","Official value",""
"QCL","Crops and livestock products","356","India","5312","Area harvested","0111","Wheat","2018","2018","ha","29650590","A","Official value",""
"QCL","Crops and livestock products","356","India","5412","Yield","0111","Wheat","2018","2018","kg/ha","3368.2","A","Official value",""
"QCL","Crops and livestock products","356","India","5510","Production","0111","Wheat","2018","2018","t","99869520","A","Official value",""
"QCL","Crops and livestock products","356","India","5312","Area harvested","0111","Wheat","2019","2019","ha","29318780","A","Official value",""
"QCL","Crops and livestock products","356","India","5412","Yield","0111","Wheat","2019","2019","kg/ha","3533.4","A","Official value",""
"QCL","Crops and livestock products","356","India","5510","Production","0111","Wheat","2019","2019","t","103596230","A","Official value",""
"QCL","Crops and livestock products","356","India","5312","Area harvested","0111","Wheat","2020","2020","ha","31357020","A","Official value",""
"QCL","Crops and livestock products","356","India","5412","Yield","0111","Wheat","2020","2020","kg/ha","3439.8","A","Official value",""
"QCL","Crops and livestock products","356","India","5510","Production","0111","Wheat","2020","2020","t","107860510","A","Official value",""
"QCL","Crops and livestock products","356","India","5312","Area harvested","0111","Wheat","2021","2021","ha","31125160","A","Official value",""
"QCL","Crops and livestock products","356","India","5412","Yield","0111","Wheat","2021","2021","kg/ha","3520.8","A","Official value",""
"QCL","Crops and livestock products","356","India","5510","Production","0111","Wheat","2021","2021","t","109586500","A","Official value",""
"QCL","Crops and livestock products","356","India","5312","Area harvested","0111","Wheat","2022","2022","ha","30458530","A","Official value",""
"QCL","Crops and livestock products","356","India","5412","Yield","0111","Wheat","2022","2022","kg/ha","3537.3","A","Official value",""
"QCL","Crops and livestock products","356","India","5510","Production","0111","Wheat","2022","2022","t","107742070","A","Official value",""
"QCL","Crops and livestock products","356","India","5312","Area harvested","0111","Wheat","2023","2023","ha","31400716","A","Official value",""
"QCL","Crops and livestock products","356","India","5412","Yield","0111","Wheat","2023","2023","kg/ha","3520.7","A","Official value",""
"QCL","Crops and livestock products","356","India","5510","Production","0111","Wheat","2023","2023","t","110553675.31","A","Official value",""
"QCL","Crops and livestock products","356","India","5312","Area harvested","0111","Wheat","2024","2024","ha","31832884","A","Official value",""
"QCL","Crops and livestock products","356","India","5412","Yield","0111","Wheat","2024","2024","kg/ha","3559","A","Official value",""
"QCL","Crops and livestock products","356","India","5510","Production","0111","Wheat","2024","2024","t","113292368","A","Official value",""
